display_taxon	NPT03	NPT05	NPT06	NPT07	NPT09	NPT10	NPT11	NPT12	NPT13	NPT14	NPT15	NPT17	NPT18	NPT19	NPT20	NPT22	NPT23	NPT24	NPT25	PT01	PT02	PT03	PT04	PT05	PT06	PT07	PT08	PT09	PT10	PT11	PT12	PT13	PT14	PT15	PT16	PT17	PT18	PT19	PT20	PT21	PT22	PT23	PT24	PT25
Aerococcus christensenii	0.007721373418761295	0.0	0.0	0.0	0.00032549056077373756	0.0	0.0	0.0	0.0	0.0	0.0012156576707999028	0.004175141847767905	0.0	0.0	0.0	0.0	0.0	0.0	0.0	0.0017983455221196498	0.0	0.0006747638326585695	0.0	0.019077901430842606	0.0	0.0	0.0	0.0	0.0	0.002383384405856316	0.0	0.001716815758561489	0.0	0.0	0.0	0.006804223920823576	0.0	0.004275814616405367	0.0	0.03752779836916234	0.04360937137555092	0.0572306964644673	0.0	0.004616196254286468
Anaerococcus hydrogenalis	0.0	0.0	0.0	0.0	0.0	0.0	0.0	0.0	0.0	0.0	0.0	0.0	0.0	0.0	0.0	0.0	0.0	0.0	0.0	0.0	0.0	0.0	0.0	0.0	0.0005285412262156448	0.0	0.0	0.0	0.0	0.0	0.0	0.0	0.0	0.0	0.0	0.0	0.0	0.0	0.0	0.0	0.0	0.0	0.0	0.0
Anaerococcus sp900258475	0.0	0.0	0.0	0.0	0.0	0.0	0.0	0.0	0.0	0.0	0.0	0.0	0.0	0.0	0.0	0.0	0.0	0.0	0.0	0.0	0.0	0.0	0.0	0.0	0.0019027484143763213	0.0	0.0	0.0	0.0	0.0	0.0	0.0	0.0	0.0	0.0	0.0	0.0	0.0	0.0	0.0	0.0	0.0	0.0	0.0
Anaerococcus tetradius	0.0	0.0	0.0	0.0	0.0	0.0	0.0	0.0	0.0	0.0	0.0	0.010491382079006531	0.0	0.0	0.0	0.0	0.0	0.0	0.0	0.0	0.0	0.0	0.0	0.0	0.0	0.0	0.0	0.0	0.0	0.0	0.0	0.0	0.000827357970215113	0.0	0.0027873421872438102	0.0	0.0	0.001720155305450435	0.0	0.0007412898443291327	0.0013917884481558804	0.0009459619250325174	0.0	0.0
Arcanobacterium_A_386370 sp000758825	0.0	0.0	0.0	0.0	0.0	0.0	0.0	0.0	0.0	0.0	0.0	0.0	0.0	0.0	0.0	0.0	0.0	0.0	0.0	0.0	0.0	0.0	0.0	0.0	0.0	0.0	0.0	0.0	0.0	0.0	0.0	0.0	0.0	0.0	0.0	0.0	0.0	0.0	0.0	0.00991475166790215	0.00918580375782881	0.007922431122147333	0.0	0.0
Atopobium deltae	0.0	0.0	0.0	0.0	0.0	0.0	0.0	0.0	0.0	0.0	0.0	0.0	0.0	0.0	0.0	0.0	0.0	0.0	0.0	0.0	0.0	0.0	0.0	0.0	0.0	0.0	0.0	0.0	0.0	0.0	0.0	0.0	0.0	0.0	0.0	0.0	0.0	0.0	0.0	0.0004633061527057079	0.0	0.0	0.0	0.0
Bacilli (class)	0.0	0.0	0.0	0.0	0.0	0.0	0.0	0.0	0.0	0.0	0.0	0.0	0.0	0.0	0.0	0.0	0.0	0.0	0.0	0.0	0.0	0.0	0.0	0.0	0.0	0.0	0.0	0.0	0.0	0.0	0.0	0.0	0.0	0.0	0.0018035743564518774	0.0	0.0	0.0	0.0	0.0	0.0	0.0	0.0	0.0
Bacteria (kingdom)	0.0	0.0	0.0	0.0	0.00023249325769552682	0.0	0.0	0.0	0.0	0.0	0.0	0.0	0.0	0.0	0.0	0.0	0.0	0.0	0.0	0.0	0.0	0.0	0.0	0.0	0.0	0.0	0.0	0.0	0.0	0.0	0.0	0.0	0.0	0.0	0.0	0.0005301992665576813	0.0	0.0	0.0	0.0	0.0	0.0	0.0	0.0
Berryella sp001552935	0.0009035649745358961	0.0	0.0	0.0	0.00046498651539105364	0.0	0.0	0.0	0.0	0.0	0.0	0.0018199336259501124	0.0	0.0	0.0	0.0	0.0	0.0	0.0	0.0028773528353914397	0.0	0.0	0.0	0.0001987281399046105	0.0	0.0	0.0	0.00030270008475602374	0.00015453562046051616	0.0010214504596527069	0.0	0.0	6.89464975179261e-05	0.0	0.003443187407771766	0.00017673308885256042	0.0	0.000786356711063056	0.0	0.0007412898443291327	0.0013453954998840175	0.0023649048125812936	0.0	0.0003956739646531258
Bifidobacterium vaginale	0.005832101199277148	0.0	0.0	0.0	0.0	0.0	0.0	0.0	0.0	0.0	0.0	0.006102130392891553	0.0	0.0	0.0	0.0	0.0	0.0	0.0	0.0035966910442392997	0.003257650542941757	0.006265664160401002	0.003948351296553196	0.0	0.0	0.0	0.0	0.0001210800339024095	0.0003090712409210323	0.0	0.0	0.001987891930965935	0.0	0.0	0.0	0.004595060310166571	0.0	0.0	0.0008097762073027091	0.0	0.0	0.0	0.0	0.0
Bifidobacterium vaginale A	0.02447839658288155	0.0	0.0	0.0	0.002557425834650795	0.0	0.0	0.0	0.0	0.0	0.0	0.0026763729793384005	0.0	0.0	0.0	0.0	0.0	0.0	0.0	0.0	0.0	0.0	0.0	0.15023847376788554	0.0	0.0	0.0	0.0	0.0037088548910523874	0.0	0.0	0.0	0.0	0.0	0.0	0.0010603985331153626	0.0	0.01469504103799086	0.0	0.011767976278724982	0.008397123637207144	0.0177367860943597	0.0	0.0006594566077552098
Bifidobacterium vaginale B	0.0	0.0	0.0	0.0	0.0	0.0	0.0	0.0	0.0	0.0	0.012967015155198963	0.08221817792527567	0.0	0.0	0.0	0.0	0.0	0.0	0.0	0.0	0.0	0.0	0.0	0.0	0.0	0.0	0.0	0.0	0.0	0.0	0.015259660349495446	0.0	0.0	0.0	0.0	0.0	0.0	0.0	0.0	0.0	0.0	0.0	0.0	0.0
Bifidobacterium vaginale C	0.0	0.0	0.0	0.0	0.0	0.0	0.0	0.0	0.0	0.0	0.0	0.0	0.0	0.0	0.0	0.0	0.0	0.0	0.0	0.0	0.0	0.0	0.0	0.006558028616852146	0.0	0.0	0.0	0.0	0.0	0.0	0.0	0.0	0.0	0.0	0.0	0.0	0.0	0.0	0.0	0.0	0.0	0.0	0.0	0.0
Bifidobacterium vaginale D	0.0	0.0	0.0	0.0	0.0	0.0	0.0	0.0	0.0	0.0	0.0004862630683199611	0.21346750883203083	0.0	0.0	0.0	0.0	0.0	0.0	0.0	0.0	0.0	9.63948332369385e-05	0.0	0.0	0.0	0.0	0.0012313585989875496	0.0	0.0	0.017364657814096015	0.0	0.0	0.0	0.0	0.0	0.0	9.2824654228163e-05	0.0	0.0	0.0	0.0	0.0	0.0	0.0
Bifidobacterium vaginale E	0.0	0.0	0.0	0.0	0.0	0.0	0.0	0.0	0.0	0.0	0.0	0.0	0.0	0.0	0.0	0.0	0.0	0.0	0.0	0.0	0.0	0.0	0.0	0.0	0.0	0.0	0.0028731700643042824	0.0	0.0	0.0	0.0	0.0	0.0	0.0	0.0	0.0	0.0	0.0	0.0	0.0	0.0	0.0	0.0	0.0
Bifidobacterium vaginale F	0.007885657959586003	0.0	0.0	0.0	0.0	0.0	0.0	0.0	0.0	0.0	0.0	0.0	0.0	0.0	0.0	0.0	0.0	0.0	0.0	0.0	0.0	0.0	0.0	0.005365659777424483	0.0	0.0	0.0019154467095361882	0.0	0.0	0.0	0.0	0.0	0.0	0.0	0.0	0.0	0.0	9.8294588882882e-05	0.0	0.0027798369162342477	0.0017629320343307817	0.0	0.0	0.0
Bifidobacterium vaginale H	0.0	0.0	0.0	0.0	0.003394401562354692	0.0	0.0	0.0	8.329168748958855e-05	0.0	0.0	0.0	0.0	0.0	2.515217063232557e-05	0.0	0.0	0.0	0.0	0.0	0.0	0.0	0.0	0.06140699523052464	0.0	0.0	0.0	0.0	0.0	0.0	0.0	0.0	0.0	0.0	0.0	0.0	0.0	0.002260775544306286	7.361601884570082e-05	0.07171979243884359	0.08137323126884713	0.05533877261440227	0.0	0.0
Bifidobacterium_388775 bifidum	0.0	0.0	0.0	0.0	0.0	0.0	0.0	0.0	0.0	0.0	0.0	0.0	0.0	0.0	0.0	0.0	0.0	0.0	0.0	0.0	0.0	0.000192789666473877	0.0	0.0	0.0	0.0	0.0	0.0	0.0	0.0	0.0	0.0	0.0	0.0	0.000983767830791933	0.0	0.0	0.0	0.00044169611307420494	0.0	0.0	0.0	0.0	0.0
Bifidobacterium_388775 breve	0.0	0.0	0.0	0.0	0.0	0.0	0.0	0.0	0.0	0.0	0.0	0.0	0.0	0.0	0.0	0.0	0.0	0.0	0.0	0.0	0.0	0.0	0.0	0.0	0.0	0.0	0.0	0.0	0.0	0.0	0.0	0.0	0.0	0.0	0.0	0.0	0.0	0.0	0.00036808009422850414	0.0	0.0	0.0	0.0	0.0
Bifidobacterium_388775 swidsinskii	0.0049285362247412515	0.0	0.0	0.0	0.0007904770761647912	0.0	0.0	0.0	0.0	0.0	0.0	0.0	0.0	0.0	0.0	0.0	0.0	0.0	0.0	0.0	0.0	0.0	0.0	0.0	0.0	0.0	0.0	0.0	0.0	0.0	0.0	0.0	0.0	0.0	0.0	0.004727610126805991	0.0	0.000589767533297292	0.0	0.0	0.0	0.0	0.0	0.0
Bifidobacterium_388775 vaginale	0.05561031706916379	6.248828344685372e-05	0.00013049719431032232	0.0	0.0019529433646424254	0.00032102728731942215	0.00013754527531979277	0.0	0.0	0.0	0.0011346138260799091	0.01777111658280698	0.0	0.0	7.545651189697672e-05	0.0	0.0	0.0	0.0	0.03884426327778444	0.16752221125370187	0.17389627915943706	0.23658094120157935	0.05206677265500795	0.0	0.0	0.0	0.0025426807119505995	0.004945139854736517	0.0005107252298263534	0.02510460251046025	0.0010843046896177825	0.0001378929950358522	0.0	0.0	0.0076878893650863785	0.0	0.001523566127684671	0.05653710247349823	0.12351742031134173	0.11301322199025748	0.08064325410902211	0.0	0.0029016090741229225
Bulleidia extructa	0.0	0.0	0.0	0.0	0.0	0.0	0.0	0.0	0.0	0.0	0.0	0.0	0.0	0.0	0.0	0.0	0.0	0.0	0.0	0.0	0.0	0.0	0.0	0.0	0.0	0.0	0.0	0.0	0.0	0.0	0.0	0.0	0.0	0.0	0.0	0.0	0.0	0.0	0.0	9.266123054114158e-05	0.0006495012758060774	0.0008277166844034528	0.0	0.0
Burkholderia contaminans	0.0	0.0	0.0	0.0	0.0	0.00021401819154628142	0.0	0.0	0.0	0.0	0.0	0.00021410983834707205	0.0003687068445397868	0.0002681324574339724	0.0	0.0	0.0	4.79225571476494e-05	0.0	0.0	0.0	0.0	0.0	0.0	0.0	0.0	0.0	0.0	0.0	0.0	0.0002461235540241201	0.20574681485497426	0.0001378929950358522	0.0	0.0	0.0	0.0	0.0	0.0002944640753828033	0.0027798369162342477	0.0	0.0005912262031453234	0.0	0.0
Burkholderia-Caballeronia-Paraburkholderia (genus)	0.0	0.0	0.0	0.0	0.0	0.0005350454788657035	0.0	0.0	0.0	0.0	0.0	0.0	0.0006703760809814306	0.0008937748581132412	7.545651189697672e-05	0.0	0.00012140342357654485	0.0	0.0	0.0	0.0	0.0	0.0	0.0	0.0	0.0	0.0	0.0	0.0	0.0	0.0012306177701206006	0.6017891027378693	6.89464975179261e-05	0.0	0.0	4.4183272213140104e-05	0.0	0.0	0.0011042402826855124	0.004355077835433654	4.639294827186268e-05	0.00011824524062906468	0.0	0.0
Burkholderia-Caballeronia-Paraburkholderia arboris	0.0	0.0	0.0	0.0	0.0	0.0	0.0	0.0	0.0	0.0	0.0	0.0	0.0	0.0	0.0	0.0	0.0	0.0	0.0	0.0	0.0	0.0	0.0	0.0	0.0	0.0	0.0	0.0	0.0	0.0	0.0	0.006776904310111141	0.0	0.0	0.0	0.0	0.0	0.0	0.0	0.0	0.0	0.0	0.0	0.0
Caballeronia concitans	0.0	0.0	0.0	0.0	0.0	0.0	0.0	0.0	0.0	0.0	0.0	0.0	0.0	0.0	0.0	0.0	0.0	0.0	0.0004914004914004914	0.0	0.0	0.0	0.0	0.0	0.0	0.0	0.0	0.0	0.0	0.0	0.0	0.0	0.0	0.0	0.0	0.0	0.0	0.0	0.0	0.0	0.0	0.0	0.0	0.0
Clostridium_T colicanis	0.0	0.0	0.0	0.0	0.0	0.0	0.0	0.0	0.0	0.026513702995538558	0.0	0.0	0.0	0.0	0.0	0.0	0.0	0.0	0.0	0.0	0.0	0.0	0.0	0.0	0.0019027484143763213	0.0	0.0	0.0	0.0	0.0	0.0	0.0	0.0	0.0	0.0	0.0	0.0	0.0	0.0	0.0	0.0	0.0	0.0	0.0
Corynebacterium pyruviciproducens	0.0	0.0	0.0	0.0	0.0	0.0016051364365971107	0.0	0.0	0.0	0.0	0.0	0.0	0.0	0.0	0.0	0.0	0.0	0.0	0.0	0.0	0.0	0.0	0.0	0.0	0.0	0.0	0.0	0.0	0.0	0.0	0.0	0.0	0.0	0.0	0.0	0.0	0.0	0.0	0.0	0.0	0.0	0.0	0.0	0.0
Cryptobacteroides sp022777585	0.0	0.0	0.0	0.0	0.002371431228494374	0.0	0.0	0.0	0.0	0.0	0.0	0.0	0.0	0.0	0.0	0.0	0.0	0.0	0.0	0.0	0.0	0.0	0.0	0.0	0.0	0.0	0.0	0.0	0.01081749343223613	0.0017024174327545114	0.0	0.0	0.0	0.0	0.0	0.0	0.0	0.0	0.0	0.0	0.0	0.0	0.0	0.0
Dialister (genus)	0.0	0.0	0.0	0.0	0.00023249325769552682	0.0	0.0	0.0	0.0	0.0	0.0	0.0	0.0	0.0	0.0	0.0	0.0	0.0	0.0	0.0	0.0	0.0	0.0	0.0	0.0	0.0	0.0	0.0	0.0	0.0	0.0	0.0	0.0	0.0	0.0	0.0	0.0	0.0	0.0	0.0	0.0	0.0	0.0	0.0
Dialister micraerophilus	0.0	0.0	0.0	0.0	0.0004184878638519483	0.0	0.0	0.0	0.0	0.0	0.0	0.0	0.0	0.0	0.0	0.0	0.0	0.0	0.0	0.0	0.0	0.0	0.0	0.0	0.0	0.0	0.0	0.0	0.0	0.0	0.0	0.0	0.0	0.0	0.0	0.0	0.0	0.0	0.0	0.0	0.0	0.0	0.0	0.0
Dialister_37762 micraerophilus	0.004764251683916544	0.00018746485034056115	0.0	0.0	0.001022970333860318	0.0	4.584842510659759e-05	0.0	0.0	0.0	0.011021962881919119	0.01530885344181565	3.351880404907153e-05	0.0	0.0	0.0	0.0	0.0	0.0	0.004196139551612517	0.0	0.0002891844997108155	0.0	0.0	0.00010570824524312896	0.00031542424561034594	0.0012313585989875496	0.000242160067804819	0.002163498686447226	0.003575076608784474	0.0006153088850603003	0.0	0.0	0.0	0.006886374815543532	0.002076613794017585	0.0	0.005553644271882833	0.0089811542991755	0.020385470719051148	0.030062630480167014	0.054392810689369755	0.0	0.0013189132155104195
Dialister_37762 sp001553355	0.003942828979793002	0.0	0.0	0.0	0.0023249325769552683	0.0	0.0	0.0	0.0	0.0	0.0	0.00835028369553581	0.0	0.0	0.0	0.0	0.0	0.0	0.0	0.006713823282580026	0.0	0.0	0.0	0.001987281399046105	0.0	0.0	0.0009577233547680941	0.0007870202203656617	0.004945139854736517	0.0018726591760299626	0.0	0.0002710761724044456	0.0	0.0	0.014756517461878997	0.0019440639773781647	0.0	0.001179535066594584	0.0	0.008246849518161601	0.010716771050800279	0.016790824169327184	0.0	0.001978369823265629
Enterobacter (genus)	0.0	0.0	0.0	0.0	0.0	0.0	0.0	0.0	0.0	0.0	0.0	0.0	0.0	0.0	0.0	0.0	0.0	0.0	0.0	0.0	0.0	0.0	0.0	0.0	0.0	0.0	0.0	0.0	0.0	0.0	0.0	0.0037047076895274237	0.0	0.0	0.0	0.0	0.0	0.0	0.0	0.0	0.0	0.0	0.0	0.0
Enterobacter hormaechei	0.0	0.0	0.0	0.0	0.0	0.0	0.0	0.0	0.0	0.0	0.0	0.0	3.351880404907153e-05	0.0	0.0	0.0	0.0	0.0	0.0	0.0	0.0	0.0	0.0	0.0	0.0	0.0	0.0	0.0	0.0	0.0	0.0	0.021776452516490467	0.0	0.0	0.0	0.0	0.0	0.0	0.00022084805653710247	0.0004633061527057079	0.0	0.0	0.0	0.0
Enterobacter_B_681665 hormaechei_681663	0.0	0.0	0.0	0.0	0.0	0.0	4.584842510659759e-05	0.0	0.0	0.0	0.0	0.0	3.351880404907153e-05	0.0	0.0	0.0	0.0	0.0	0.0	0.0	0.0	0.0	0.0	0.0	0.0	0.0	0.0	0.0	0.0	0.0	0.00012306177701206005	0.022499322309568987	0.0	0.0	0.0	0.0	0.0	0.0	0.0	0.0005559673832468495	0.0	0.0	0.0	0.0
Enterobacter_B_713587 hormaechei_712470	0.0	0.0	0.0	0.0	0.0	0.0	0.0	0.0	0.0	0.0	0.0	0.0	0.0	0.0	0.0	0.0	0.0	0.0	0.0	0.0	0.0	0.0	0.0	0.0	0.0	0.0	0.0	0.0	0.0	0.0	0.0	0.0014457395861570434	0.0	0.0	0.0	0.0	0.0	0.0	0.0	0.0	0.0	0.0	0.0	0.0
Enterobacteriaceae (family)	0.0	0.0	0.0	0.0	0.0	0.0	0.0	0.0	0.0	0.0	0.0	0.0	0.0	0.0	0.0	0.0	0.0	0.0	0.0	0.0	0.0	0.0	0.0	0.0	0.0	0.0	0.0	0.0	0.0	0.0	0.0	0.002620402999909641	0.0	0.0	0.0	0.0	0.0	0.0	0.0	0.0	0.0	0.0	0.0	0.0
Enterococcus faecalis	0.0	0.0	0.0	0.0	0.0	0.0	0.0	0.0	0.0	0.0	0.0	0.0	0.0	0.0	0.0	0.0	0.0	0.0	0.0	0.0	0.0	0.0	0.0	0.0	0.0	0.00231311113447587	0.0	0.0	0.0	0.0	0.0	0.0	0.0	0.0	0.0	0.0	0.0	0.0	0.0	0.0	0.0	0.0	0.0	0.0
Enterococcus faecium	0.0	0.0	0.0	0.0	0.0	0.0	0.0	0.0	0.0	0.0	0.0	0.0	0.0	0.0	0.0	0.0	0.0	0.0	0.0	0.0	0.0	0.0	0.0	0.0	0.0	0.0	0.0	0.0	0.0	0.0	0.0	0.0	0.0	0.014077340569877883	0.0	0.0	0.0	0.0	0.0	0.0	0.0	0.0	0.0	0.0
Enterococcus xinjiangensis	0.0	0.0	0.0	0.0	0.0	0.0	0.0	0.0	0.0	0.0	0.0	0.0	0.0	0.0	0.0	0.0	0.0	0.0	0.0	0.0	0.0	0.0	0.0	0.0	0.0	0.0	0.0	0.0	0.0	0.0	0.0	0.0	0.0	0.004240162822252374	0.0	0.0	0.0	0.0	0.0	0.0	0.0	0.0	0.0	0.0
Enterococcus_B lactis	0.0	0.0	0.0	0.0	0.0	0.0	0.0	0.0	0.0	0.0	0.0	0.0	0.0	0.0	0.0	0.0	0.0	0.0	0.0	0.0	0.0	0.0	0.0	0.0	0.0	0.0	0.0	0.0	0.0	0.0	0.0	0.0	0.0	0.01051560379918589	0.0	0.0	0.0	0.0	0.0	0.0	0.0	0.0	0.0	0.0
Enterococcus_H_360604 faecalis	0.0	0.0	0.0	0.0	0.0	0.0	0.0	0.0	0.0	0.0	0.0	0.0	0.0	0.0	0.0	0.0	0.0	0.0	0.0	0.0	0.0	0.0	0.0	0.0	0.0	0.005467353590579329	0.0	0.0	0.0	0.0	0.0	0.0	0.0	0.0	0.0	0.0	0.0	0.0	0.0	0.0	0.0	0.0	0.0	0.0
Escherichia albertii	0.0	0.0	0.0	0.0	0.0	0.0027822364901016585	0.0	0.0	0.0	0.0	0.0	0.0	0.0	0.0	0.0	0.0	0.0	0.0	0.0	0.0	0.0	0.0	0.0	0.0	0.0	0.0	0.0	0.0	0.0	0.0	0.0	0.0	0.0	0.0	0.0	0.0	0.0	0.0	0.0	0.0	0.0	0.0	0.0	0.0
Escherichia flexneri	0.0	0.0	0.0	0.0	0.0	0.002140181915462814	0.0	0.0	0.0	0.0	0.0	0.0	0.0	0.0	0.0	0.0	0.0	0.0	0.0	0.0	0.0	0.0	0.0	0.0	0.0	0.0	0.0	0.0	0.0	0.0	0.0	0.0	0.0	0.0	0.0	0.0	0.0	0.0	0.0	0.0	0.0	0.0	0.0	0.0
Escherichia-Shigella coli	0.0	0.0	0.0	0.0	0.0	0.012306046013911182	0.0	0.0	0.0	0.0	0.0	0.0	0.0	0.0	0.0	0.0	0.0	0.0	0.0	0.0	0.0	0.0	0.0	0.0	0.0	0.0	0.0	0.0	0.0	0.0	0.0	0.0	0.0	0.0	0.0	0.0	0.0	0.0	0.0	0.0	0.0	0.0	0.0	0.0
Escherichia-Shigella flexneri	0.0	0.0	0.0	0.0	0.0	0.0052434456928838954	0.0	0.0	0.0	0.0	0.0	0.0	0.0	0.0	0.0	0.0	0.0	0.0	0.0	0.0	0.0	0.0	0.0	0.0	0.0	0.0	0.0	0.0	0.0	0.0	0.0	0.0	0.0	0.0	0.0	0.0	0.0	0.0	0.0	0.0	0.0	0.0	0.0	0.0
Fannyhessea massiliensis	0.0004928536224741252	0.0	0.0	0.0	0.0002789919092346322	0.0	0.0	0.0	0.0	0.0	0.0	0.0005352745958676801	0.0	0.0	0.0	0.0	0.0	0.0	0.0	0.00215801462654358	0.0	0.0	0.0	0.0037758346581875995	0.0	0.0	0.00013681762210972773	0.00018162005085361425	0.0012362849636841293	0.001191692202928158	0.0	0.0	0.0	0.0	0.0	0.0	0.0	0.0	0.0	0.005467012601927354	0.005056831361633032	0.007567695400260139	0.0	0.0
Fannyhessea vaginae	0.028339083292262198	0.0	0.0	0.0	0.0030689110015809542	0.0	0.0	0.0	0.0	0.0	0.0017019207391198638	0.09774114120543839	0.0	0.0	0.0	0.0	0.0	0.0	0.0	0.012948087759261479	0.0	0.0	0.0	0.0759141494435612	0.0	0.0	0.0019154467095361882	0.0010897203051216855	0.0026271055478287743	0.0022131426625808647	0.01685946345065223	0.0	0.0	0.0	0.01705197573372684	0.013299164936155171	9.2824654228163e-05	0.0	0.002134864546525324	0.005189028910303929	0.005335189051264208	0.01087856213787395	0.0032232070910556	0.008309153257715642
Finegoldia magna_H	0.0	0.0	0.0	0.0	0.0	0.0	0.0	0.0	0.0	0.0	0.0	0.0	0.0	0.0	0.0	0.0	0.0012140342357654485	0.0	0.0	0.0	0.0	0.0	0.0	0.0	0.0	0.0	0.0	0.0	0.0	0.0	0.0	0.0	0.0	0.0	0.0	0.0	0.0	0.0	0.0	0.0	0.0	0.0	0.0	0.0
Fusobacterium_C animalis	0.0	0.0	0.0	0.0	0.0	0.0	0.0	0.0	0.0	0.0	0.0	0.0	0.0	0.0	0.0	0.0	0.0	0.0	0.0	0.0	0.0	0.0	0.0	0.005365659777424483	0.0	0.0	0.0	0.0	0.0	0.0	0.0	0.0	0.0	0.0	0.0	0.0	0.0	0.0	0.0	0.0	0.0	0.0	0.0	0.0
Gaiella occulta	0.0	0.0	0.0	0.0	0.0	0.0	0.0	0.0	0.0	0.0	0.00016208768943998703	0.0	0.0	8.937748581132413e-05	0.0	0.0	0.0	0.0	0.0	0.0	0.0	0.0	0.0	0.0	0.0	0.0	0.0	0.0	0.0	0.0	0.0	0.0	0.0	0.0	0.0003279226102639777	0.0	0.0	0.0	0.0	0.0	0.0	0.0	0.0	0.0
Gardnerella (genus)	0.0	0.0	0.0	0.0	0.0	0.0	0.0	0.0	0.0	0.0	0.0	0.0	0.0	0.0	0.0	0.0	0.0	0.0	0.0	0.0	0.0	0.0	0.0	0.0	0.0	0.0	0.0	0.0	0.0	0.0	0.0	0.0	0.0	0.0	0.0	0.0007511156276233818	0.0	0.001376124244360348	0.0	0.0	0.0	0.0	0.0	0.0
Gardnerella vaginalis	0.1671595202891408	0.0	0.000391491582930967	0.00030880082346886257	0.04761461917604389	0.00021401819154628142	0.0	0.00026962483629920653	0.0	0.0	0.02325958343463814	0.11754630125254255	0.002111684655091506	0.0002234437145283103	7.545651189697672e-05	0.0	0.0	0.0	0.0	0.4311233665028174	0.1347482724580454	0.1369770580296896	0.1522783054103084	0.040937996820349765	0.0007399577167019028	0.00021028283040689727	0.022574907648105075	0.019554425475239133	0.13089167053005718	0.26591760299625467	0.01858232832882107	0.08764796241077076	0.00020683949255377826	0.0	0.6222331529758977	0.5087261962620951	0.001021071196509793	0.6468766894382464	0.005889281507656066	0.021312083024462566	0.013314776154024589	0.01820976705687596	0.012087026591458501	0.09298338169348457
Gemella asaccharolytica	0.0014785608674223755	0.0	0.0	0.0	0.000511485166930159	0.0	0.0	0.0	0.0	0.0	0.0	0.13167755058344932	0.0	0.0	0.0	0.0	0.0	0.0	0.0	0.00755305119290253	0.0	0.0	0.0	0.0	0.0	0.0	0.0	0.0006054001695120475	0.0	0.0017024174327545114	0.0	0.0	0.0001378929950358522	0.0	0.0	0.00030928290549198074	0.0	0.002604806605396373	0.0	0.01769829503335804	0.02008814660171654	0.03204446021047653	0.0	0.0
Hoylesella (genus)	0.0	0.0	0.0	0.0	0.0	0.0	0.0	0.0	0.0	0.0	0.0	0.0	0.0	0.0	0.0	0.0	0.0	0.0	0.0	0.0	0.0	0.0	0.0	0.0	0.0	0.0	0.0	0.0	0.0	0.0	0.0	0.0	0.0	0.0	0.0	0.0015022312552467635	0.0	0.0	0.0	0.0	0.0	0.0	0.0	0.0
KA00274 sp001552885	0.0035321176277312307	0.0	0.0	0.0	0.0005579838184692644	0.0	0.0	0.0	0.0	0.0	0.0	0.026870784712557542	0.0	0.0	0.0	0.0	0.0	0.0	0.0	0.0905167246133557	0.0	0.0	0.0	0.0	0.0	0.0	0.00013681762210972773	0.003632401017072285	0.01978055941894607	0.0020429009193054137	0.0	0.0	0.0	0.0	0.0	0.002474263243935846	0.0	0.005209613210792746	0.0	0.060044477390659746	0.06903270702853166	0.06136927988648457	0.0	0.0015826958586125032
Klebsiella_724518 granulomatis	0.0	0.0	0.0	0.0	0.0	0.0	0.0	0.0	0.0	0.0	0.0	0.0	0.0	0.0	0.0	0.0	0.0	0.0	0.0	0.0	0.0	0.0	0.0	0.0	0.0	0.09956892019766586	0.0	0.0	0.0	0.0	0.0	0.0	0.0	0.5395183175033921	0.00016396130513198886	0.0	0.0	0.0	0.0	0.0	0.0	0.0	0.0	0.0
Klebsiella_724518 variicola	0.0	0.0007498594013622446	0.00026099438862064463	0.0	0.0	0.0	0.0	0.0	0.0	0.0	0.0	0.0	0.0	0.0	0.0	5.846243788365975e-05	0.0	0.0	0.0	0.0	0.0	0.0	0.0	0.0	0.0	0.0	0.0	0.0	0.0	0.0	0.0	0.0	0.0	0.1830054274084125	0.0	0.0	0.0	0.0	0.0	0.0	0.0	0.0	0.0	0.0
Lactobacillales (order)	0.0	0.0	0.0	0.0	0.0	0.0	0.0	0.0	0.0	0.0	0.0	0.0	0.0	0.0	0.0	0.0	0.0	0.0	0.0	0.0	0.0	0.0	0.0	0.0	0.0	0.0	0.0	0.0	0.0	0.0	0.0	0.0	0.0	0.002544097693351425	0.0	0.0	0.0	0.0	0.0	0.0	0.0	0.0	0.0	0.0
Lactobacillus (genus)	0.0	0.0	0.0	0.0	0.0	0.0	0.0	0.0	0.0017907712810261535	0.0	0.0005673069130399546	0.0	0.0	0.0	0.0	0.0	0.0	0.0	0.0020475020475020475	0.0	0.0	0.00645845382687488	0.0	0.0	0.0	0.0	0.0	0.0	0.0	0.0	0.0	0.0	0.0	0.0	0.0	0.0	0.002506265664160401	0.0	0.00979093050647821	0.0	0.0	0.0	0.0	0.0
Lactobacillus crispatus	0.0	0.00018746485034056115	0.9334464309017356	0.9947503860010294	0.0	0.00010700909577314071	0.998624547246802	0.0	8.329168748958855e-05	0.001147227533460803	0.004700542993759624	0.0	0.00016759402024535766	0.0	0.00022636953569093012	0.0040923706518561824	0.9900449192667233	0.9974601044711746	0.6194103194103194	0.0004795588058985733	0.0	0.0022170811644495855	0.0	0.000397456279809221	0.00010570824524312896	0.0	0.0005472704884389109	0.0007870202203656617	0.0	0.0	0.0	0.0002710761724044456	0.00034473248758963045	0.15485074626865672	0.0006558452205279554	0.0	9.2824654228163e-05	0.0	0.027900471142520613	9.266123054114158e-05	0.0	0.00023649048125812936	0.14101531023368252	0.0021102611448166712
Lactobacillus iners	0.4632824051256777	0.9950009373242517	0.001957457914654835	0.0002573340195573855	0.003533897516972008	0.8740502942750134	0.00027509055063958555	0.3919574763115322	0.7343411627519574	0.6302103250478012	0.07156171488775427	0.028369553580987045	0.9857209894750956	0.9984358939983018	0.9993963479048242	0.9958491669102602	0.0018210513536481728	0.0018689797287583265	0.3663390663390663	0.0027574631339167964	0.0	0.06680161943319839	0.0011738341692455448	0.24542925278219396	0.654862579281184	0.8819261907265272	0.10808592146668491	0.9550187674052548	0.0004636068613815484	0.03455907388491658	0.9212404627122815	0.0004517936206740761	0.9821428571428571	0.0035617367706919944	0.2221675684538449	0.26752971325056335	0.09941520467836257	0.04128372733081044	0.811027679623086	0.01640103780578206	0.010020876826722338	0.040085136573252925	0.0128928283642224	0.07029807438670535
Lactobacillus jensenii	0.0	0.0	0.00561137935534386	0.0	0.0	0.0	0.0	0.6074647561821123	0.26353489921705814	0.3069471000637349	0.00016208768943998703	0.0	0.0	0.0	2.515217063232557e-05	0.0	0.0	4.79225571476494e-05	0.006060606060606061	0.0	0.0	0.002699055330634278	0.0	0.0	0.32716701902748413	0.0	0.0	0.0	0.0	0.0	0.0	0.0	6.89464975179261e-05	0.0	0.0	0.0	0.0	0.0	0.030771495877502945	0.00018532246108228317	0.0	0.0	0.0	0.0
Lactobacillus mulieris	0.0	0.0	0.0	0.0	9.299730307821073e-05	0.0	0.0	0.0	0.0	0.0	0.0	0.0005352745958676801	0.0	0.0	0.0	0.0	0.0	0.0	0.0	0.0	0.00019743336623889436	0.0	0.0	0.0	0.0	0.0	0.0	0.0	0.0	0.0	0.0	0.0	0.0	0.0	0.0	0.0	0.8939942448714379	0.0	0.002208480565371025	0.0	0.0	0.0	0.0	0.0
Lactobacillus paragasseri	0.0003285690816494168	0.003499343873023808	0.0	0.0	9.299730307821073e-05	0.0	0.0005043326761725735	0.0	0.0	0.0003824091778202677	0.475079017748602	0.0006423295150412161	0.0	4.468874290566207e-05	0.0	0.0	0.0003642102707296346	0.0	0.0	0.0	0.6921026653504442	0.600347021399653	0.6039910361754348	0.0001987281399046105	0.0	0.0005257070760172432	0.0	0.0	0.0	0.001361933946203609	0.0006153088850603003	0.0	0.0	0.0	0.0003279226102639777	0.0	9.2824654228163e-05	0.0	0.0009570082449941107	0.0	0.0	0.0	0.0	0.0
Limosilactobacillus (genus)	0.0	0.0	0.0	0.000514668039114771	0.0	0.0	0.0	0.0	0.0	0.0	0.0	0.0	0.0	0.0	0.0	0.0	0.0	0.0	0.0	0.0	0.0	0.0	0.0	0.0	0.0	0.0	0.0	0.0	0.0	0.0	0.0	0.0	0.0	0.0	0.0	0.0	0.0	0.0	0.002429328621908127	0.0	0.0	0.0	0.0	0.0
Limosilactobacillus coleohominis_A	0.0	0.0	0.0	0.0	0.0	0.0	0.0003667874008527807	0.0	0.0	0.0	0.0	0.0	0.0	0.0	0.0	0.0	0.0	0.0	0.0	0.0	0.0	0.001156737998843262	0.0	0.0	0.0	0.004941646514562086	0.0	0.0	0.0	0.0	0.0	0.0	0.0	0.0	0.0	0.0	0.0	0.0	0.001251472320376914	0.0	0.0	0.0	0.0	0.0
Limosilactobacillus fermentum	0.0	0.0	0.0	0.0	0.0	0.0	0.0	0.0	0.0	0.0	0.0	0.0	0.0	0.0	0.0	0.0	0.0	0.0	0.0	0.0	0.0006910167818361303	0.000578368999421631	0.0008536975776331235	0.0	0.0	0.0	0.0	0.0	0.0	0.0	0.0	0.0	0.0	0.0	0.0	0.0	0.0	0.0	0.0	0.0	0.0	0.0	0.0	0.0
Limosilactobacillus portuensis	0.0	0.0	0.0	0.003962943901183736	0.0	0.0	0.0	0.0	0.0	0.034289356277884	0.0	0.0	0.0	0.0	0.0	0.0	0.0	0.000479225571476494	0.0	0.0	0.0	0.0	0.0	0.0	0.0	0.0	0.0	0.0	0.0	0.0	0.0	0.0	0.012755102040816327	0.0	0.0	0.0	0.0	0.0	0.025250294464075382	0.0	0.0	0.0	0.0	0.0
Limosilactobacillus urinaemulieris	0.0	0.0	0.0	0.0	0.0	0.0	0.0	0.0	0.0	0.0	0.0	0.0	0.0	0.0	0.0	0.0	0.0	0.0	0.0	0.0	0.0	0.0	0.0	0.0	0.0	0.0	0.0	0.0	0.0	0.0	0.0	0.0	0.0010341974627688913	0.0	0.0	0.0	0.0	0.0	0.008318610129564193	0.0	0.0	0.0	0.0	0.0
Limosilactobacillus vaginalis	0.0	0.0	0.0	0.0	0.0	0.0	0.0	0.0	0.0	0.0	0.07091336412999433	0.0	0.0	0.0	0.0	0.0	0.0	0.0	0.002375102375102375	0.0	0.0	0.0	0.0	0.0	0.0	0.0	0.0	0.0	0.0	0.0	0.0	0.0	0.0	0.0	0.0	0.0	0.0	0.0	0.0	0.0	0.0	0.0	0.0	0.0
Mageeibacillus indolicus	0.0	0.0	0.0	0.0	0.0	0.0	0.0	0.0	0.0	0.0	0.0	0.0	0.0	0.0	0.0	0.0	0.0	0.0	0.0	0.0	0.0	0.0	0.0	0.0	0.0	0.0	0.0	0.0	0.0004636068613815484	0.001191692202928158	0.0	0.0	0.0	0.0	0.0	0.0005301992665576813	0.0	0.0	0.0	0.0019458858413639733	0.0019021108791463697	0.0037838477001300697	0.0	0.00013189132155104195
Malacoplasma_A_271179 girerdii	0.0	0.0	0.0	0.0	0.0	0.0	0.0	0.0	0.0	0.0	0.02674446875759786	0.0	0.0	0.0	0.0	0.0	0.0	0.0	0.0	0.0	0.0	0.0	0.0	0.0	0.0	0.0	0.0	0.0	0.0	0.0	0.0	0.0	0.0	0.0	0.0	0.0	0.0	0.0	0.0	0.0	0.0	0.0	0.0	0.0
Megasphaera (genus)	0.0	0.0	0.0	0.0	0.0	0.0	0.0	0.0	0.0	0.0	0.0	0.0	0.0	0.0	0.0	0.0	0.0	0.0	0.0	0.0	0.0	0.0	0.0	0.0	0.0	0.0	0.0	0.0	0.0018544274455261937	0.005788219271365339	0.0	0.0	0.0	0.0	0.0	0.0	0.0	0.0	0.0	0.0	0.0	0.0	0.0	0.0
Megasphaera C hutchinsoni	0.0	0.0	0.0	0.0	0.0	0.0	0.0	0.0	0.0	0.0	0.0	0.0	0.0	0.0	0.0	0.0	0.0	0.0	0.0	0.0	0.0	0.0	0.0	0.0	0.0	0.0	0.0	0.0	0.0024725699273682586	0.0	0.0	0.0	0.0	0.0	0.0	0.0	0.0	0.0	0.0	0.0	0.0	0.0	0.0	0.0
Megasphaera C lornae	0.0	0.0	0.0	0.0	0.0	0.0	0.0	0.0	0.0	0.0	0.0	0.0	0.0	0.0	0.0	0.0	0.0	0.0	0.0	0.002997242536866083	0.0	0.0	0.0	0.0	0.0	0.0	0.0	0.0	0.0018544274455261937	0.002723867892407218	0.0	0.0	0.0	0.0	0.0	0.0	0.0	0.0	0.0	0.0	0.0	0.0	0.0	0.0
Megasphaera_C hutchinsoni	0.0	0.0	0.0	0.0	0.0	0.0	0.0	0.0	0.0	0.0	0.0	0.0	0.0	0.0	0.0	0.0	0.0	0.0	0.0	0.014146984774007913	0.0	0.0	0.0	0.0	0.0	0.0	0.0	0.00042378011865843324	0.033534229639932	0.017705141300646918	0.0	0.0	0.0	0.0	0.0	0.0014138647108204833	0.0	0.0	0.0	0.0	0.0	0.0	0.0	0.0
Megasphaera_C lornae	0.08526367668802366	0.0	0.00013049719431032232	0.0	0.03138658978889612	0.0	0.0	7.703566751405901e-05	0.0	0.0	0.0	0.0	0.0030166923644164376	0.0	0.0	0.0	0.0	0.0	0.0	0.10658194461095792	0.0	0.0	0.00010671219720414043	0.3135930047694754	0.0	0.0	0.057052948419756465	0.004237801186584332	0.01483541956420955	0.146407899216888	0.00012306177701206005	0.009306948585885967	0.0	0.00033921302578018993	0.0	0.09048734149251093	9.2824654228163e-05	0.1051260628102423	0.0	0.017142327650111193	0.019995360705172813	0.044341965235899256	0.0	0.03468741756792403
Metamycoplasma hominis	0.0009035649745358961	0.0	0.0	0.0	0.0001394959546173161	0.0	0.0	0.0	0.0	0.0	0.0	0.0052456910395032655	0.0	0.0	0.0	0.0	0.0	0.0	0.0	0.0008392279103225033	0.0	0.0	0.0	0.0	0.0	0.0	0.00013681762210972773	0.0	0.0	0.0010214504596527069	0.0	0.0	0.0	0.07920624151967436	0.0	0.0011487650775416428	0.0	0.0	0.0	0.044755374351371384	0.05376942704708884	0.10180915218162469	0.0	0.0003956739646531258
Mobiluncus mulieris	0.0	0.0	0.0	0.0	0.0	0.0	0.0	0.0	0.0	0.0	0.0	0.0	0.0	0.0	0.0	0.0	0.0	0.0	0.0	0.0	0.0	0.0	0.0	0.0	0.0	0.0	0.0006840881105486386	0.0	0.0	0.0	0.0	0.0	0.0	0.0	0.0	0.0	0.0	0.0	0.0	0.0	0.0	0.0	0.0	0.0
Moryella sp002892395	0.0	0.0	0.0	0.0	0.0	0.0	0.0	0.0	0.0	0.0	0.0	0.0	0.0	0.0	0.0	0.0	0.0	0.0	0.0	0.0	0.0	0.0	0.0	0.0	0.0	0.0	0.0	0.0	0.00401792613197342	0.0	0.0	0.0	0.0	0.0	0.0	0.0	0.0	0.0	0.0	0.0	0.0	0.0	0.0	0.0
Nanoperiomorbus sp004136275	0.0	0.0	0.0	0.0	0.00023249325769552682	0.0	0.0	0.0	0.0	0.0	0.0	0.0	0.0	0.0	0.0	0.0	0.0	0.0	0.0	0.0	0.0	0.0	0.0	0.016693163751987282	0.0	0.0	0.0030099876864140103	0.0	0.0	0.0	0.0	0.0	0.0	0.0	0.0	0.0	0.0	0.0	0.0	0.0	0.0	0.0005912262031453234	0.0	0.0
Nanoperiomorbus sp946222675	0.0	0.0	0.0	0.0	0.0003719892123128429	0.0	0.0	0.0	0.0	0.0	0.0	0.0	0.0	0.0	0.0	0.0	0.0	0.0	0.0	0.0	0.0	0.0	0.0	0.0	0.0	0.0	0.0	0.0	0.0	0.0	0.0	0.0	0.0	0.0	0.0	0.0	0.0	0.0	0.0	0.0	0.0	0.0	0.0	0.0
Neisseria_563205 gonorrhoeae	0.0	0.0	0.0	0.0	0.0	0.0	0.0	0.0	0.0	0.0	0.0	0.027941333904292903	0.0	0.0	0.0	0.0	0.0	0.0	0.0	0.0	0.0	0.0	0.0	0.0	0.0	0.0	0.0	0.0	0.0	0.0	0.0	0.0	0.0010341974627688913	0.0	0.0	0.0	0.0	0.0	0.0	0.0	0.0	0.0	0.0	0.0
Parvimonas parva	0.0	0.0	0.0	0.0	0.0	0.0	0.0	0.0	0.0	0.0	0.0	0.0017128787067765764	0.0	0.0	0.0	0.0	0.0	0.0	0.0	0.0	0.0	0.0	0.0	0.0	0.0	0.0	0.0	0.0	0.0	0.0	0.0	0.0	0.0	0.0	0.0	0.0	0.0	0.0	0.0	0.0	0.0	0.0	0.0	0.0
Parvimonas sp001552895	0.010267783801544274	0.00031244141723426856	0.0	0.0	0.0006974797730865805	0.00021401819154628142	0.0	0.0	0.0	0.0	0.0	0.0	0.0	0.0	0.0	0.0	0.0	0.0	0.0	0.01942213163889222	0.0	0.0	0.0	0.0	0.0	0.0	0.0012313585989875496	0.001210800339024095	0.005099675475197033	0.0040858018386108275	0.0	0.0	0.0	0.0	0.0	0.004462510493527151	0.0	0.015432250454612474	0.0	0.06847664936990364	0.0783112966829042	0.06207875133025896	0.0008058017727639	0.0035610656818781325
Peptoniphilus_A harei_A	0.0	0.0	0.0	0.0	0.0	0.0	0.0	7.703566751405901e-05	0.0	0.0	0.0009725261366399222	0.009099668129750563	0.0	0.0	0.0	0.0	0.0	0.0	0.0	0.0	0.0	0.0	0.0	0.0	0.0008456659619450317	0.0	0.0	0.0	0.0	0.0	0.0	0.0	0.00034473248758963045	0.0	0.003607148712903755	0.0024300799717227057	0.0	0.000835504005504497	0.0	0.0017605633802816902	0.0011134307585247043	0.003429111978242876	0.0	0.0017145871801635452
Peptoniphilus_A lacrimalis	0.0	0.0	0.0	0.0	0.0009764716823212127	0.0	0.0	0.0	0.0	0.0	0.0	0.0	0.0	0.0	0.0	0.0	0.0	0.0	0.0	0.0	0.0	0.0	0.0	0.0	0.0	0.0	0.0	0.0	0.0	0.0	0.0	0.0	0.0	0.0	0.0	0.0	0.0	0.0	0.0	0.0	0.0	0.0	0.0	0.0
Peptostreptococcus (genus)	0.0	0.0	0.0	0.0	0.0	0.0	0.0	0.0	0.0	0.0	0.0	0.0	0.0	0.0	0.0	0.0	0.0	0.0	0.0	0.0	0.0	0.0	0.0	0.0	0.0	0.0	0.0	0.0	0.0	0.0	0.0	0.0	0.0	0.0	0.0	0.0	0.0	0.0	0.0	0.0	0.0	0.0	0.0	0.0036929570034291742
Peptostreptococcus anaerobius	0.0	0.0	0.0	0.0	0.0	0.0	0.0	0.0	0.0	0.0	0.0	0.027513114227598758	0.0	0.0	0.0	0.0	0.0	0.0	0.0	0.0	0.0	0.0	0.0	0.0	0.0	0.0	0.0	0.0	0.0	0.0	0.0	0.00018071744826963042	0.0	0.0	0.0004918839153959665	0.0	0.0	0.001277829655477466	0.0	0.0	0.0	0.0	0.004834810636583401	0.0035610656818781325
Peptostreptococcus sp000758885	0.0	0.0	0.0	0.0	0.0	0.0	0.0	0.0	0.0	0.0	0.0	0.0	0.0	0.0	0.0	0.0	0.0	0.0	0.0	0.0	0.0	0.0	0.0	0.0	0.0	0.0	0.0	0.0	0.0	0.0	0.0	0.0	0.0	0.0	0.0	0.0	0.0	0.0	0.0	0.0	0.0	0.0	0.0040290088638195	0.0015826958586125032
Porphyromonas_A uenonis	0.0	0.0	0.0	0.0	0.0	0.0	0.0	0.0	0.0	0.0	0.0	0.0	0.0	0.0	0.0	0.0	0.0	0.0	0.0	0.0	0.0	0.0	0.0	0.0	0.0	0.0	0.0	0.0	0.0016998918250656777	0.0	0.0	0.0	0.0	0.0	0.0	0.0	0.0	0.0	0.0	0.0	0.0	0.0	0.0	0.0
Prevotella (genus)	0.0	0.0	0.0	0.0	0.007346786943178648	0.0	0.0	0.0	0.0	0.0	0.0	0.0	0.0	0.0	0.0	0.0	0.0	0.0	0.0	0.0	0.0	0.0	0.0	0.0	0.0	0.0	0.0	0.0	0.0	0.016172965611167857	0.0	0.0	0.0	0.0	0.0	0.0	0.0	0.0	0.0	0.0	0.0	0.0	0.0	0.0
Prevotella amnii	0.11467060949564646	0.0	0.0	0.0	0.01074118850553334	0.0	0.0	7.703566751405901e-05	0.0	0.0	0.0	0.0	0.0	0.0	0.0	0.0	0.0	0.0	0.0	0.0	0.0	0.0	0.0	0.0	0.0	0.0	0.009850868791900396	0.0	0.19950548601452636	0.0052774940415389856	0.0	0.0	0.0	0.00033921302578018993	0.0	0.0174082092519772	0.0	0.0	0.0	0.04206819866567828	0.056413825098585016	0.050963698711126874	0.0008058017727639	0.0035610656818781325
Prevotella bivia	0.0	0.0	0.0	0.0	0.0	0.00042803638309256285	0.0	0.0	0.0	0.0	0.29694464705405627	0.0005352745958676801	3.351880404907153e-05	0.0	0.0	0.0	0.0010926308121889036	0.0	0.0	0.007433161491427886	0.0	0.0002891844997108155	0.0	0.0	0.0	0.0008411313216275891	0.0	0.0006659401864632522	0.0	0.0	0.0	0.011023764344447457	0.0006205184776613348	0.007293080054274084	0.03590752582390556	0.0	0.0	0.057649776379810294	0.0	9.266123054114158e-05	0.0	0.0	0.0040290088638195	0.0
Prevotella buccalis	0.0005749958928864794	0.0	0.00026099438862064463	0.0	0.018134474100251093	0.0	0.0	7.703566751405901e-05	0.0	0.0	0.0	0.0	0.0	0.0	0.0	0.0	0.0	0.0	0.0	0.04004316029253087	0.0	0.0	0.0	0.000397456279809221	0.0	0.0	0.027910794910384458	0.00042378011865843324	0.0018544274455261937	0.03438883214164113	0.0	0.0	0.0	0.0	0.003115264797507788	0.04648080236822339	0.0	0.02953752395930604	0.0	0.34590437361008153	0.29719322662955233	0.19120255409719758	0.0	0.006594566077552097
Prevotella denticola	0.0	0.0	0.0	0.0	0.0	0.0	0.0	0.0	0.0	0.0	0.0	0.0	0.0	0.0	0.0	0.0	0.0	0.0	0.0	0.0	0.0	0.0	0.0	0.0	0.0	0.0	0.0	0.0	0.0	0.0	0.0	0.0	0.0	0.0	0.0	0.0	0.0	0.0	0.002871024734982332	0.0	0.0	0.0	0.0	0.0
Prevotella disiens	0.0	0.0	0.0	0.0	0.0	0.0	0.0	0.0	0.0	0.0	0.0	0.0	0.0	0.0	0.0	0.0	0.0	0.0	0.0	0.0	0.0	0.0	0.0	0.0	0.0	0.0	0.0	0.0	0.0	0.0	0.0	0.0	6.89464975179261e-05	0.0	0.0	0.0	0.0	0.0	0.0	0.010285396590066716	0.013917884481558803	0.013479957431713374	0.0	0.0
Prevotella melaninogenica	0.0	0.0	0.0	0.0	0.0	0.0	0.0	0.0	0.0	0.0	0.0	0.08596510009634943	0.0	0.0	0.0	0.0	0.0	0.0	0.0	0.0	0.0	0.0	0.0	0.0	0.0	0.0	0.0	0.0	0.0	0.0	0.0	0.0	0.0	0.0	0.0	0.0	0.0	0.0	0.0	0.006671608598962194	0.008582695430294595	0.008513657325292657	0.0	0.0
Prevotella sp000758925	0.0	0.0	0.0	0.0	0.002929415046963638	0.0	0.0	0.0	0.0	0.0	0.0	0.0	0.0	0.0	0.0	0.0	0.0	0.0	0.0	0.0	0.0	0.0	0.0	0.0	0.0	0.0	0.0	0.0	0.0	0.001191692202928158	0.0	0.0	0.0	0.0	0.0	0.009720319886890823	0.0	0.0	0.0	0.0	0.0	0.0	0.0	0.0010551305724083356
Prevotella sp001553265	0.0	0.0	0.0	0.0	0.0	0.0	0.0	0.0	0.0	0.0	0.0	0.0022481533026442566	0.0	0.0	0.0	0.0	0.0	0.0	0.0	0.0	0.0	0.0	0.0	0.0	0.0	0.0	0.0	0.0	0.0	0.0	0.0	0.0	0.0	0.0	0.0	0.0	0.0	0.0	0.0	0.0	0.0004175365344467641	0.0013006976469197116	0.0	0.0
Prevotella timonensis A	0.004846393954328898	0.0	0.0	0.0	0.0	0.0	0.0	0.0	0.0	0.0	0.0	0.011347821432394819	0.0	0.0	0.0	0.0	0.0	0.0	0.0	0.17000359669104423	0.0	0.0	0.0	0.0	0.0	0.0	0.0	0.007022641966339751	0.02889816102611652	0.010554988083077971	0.0	0.0036143489653926086	0.0	0.0	0.006886374815543532	0.0	0.0	0.0098294588882882	0.0	0.002687175685693106	0.003943400603108328	0.004375073903275393	0.0	0.0
Sarcina_201130 massiliamazoniense	0.0	0.0	0.0	0.0	0.0	0.0	0.0	0.0	0.0	0.0	0.0	0.0	0.0	0.0	0.0	0.0	0.005220347213791429	0.0	0.0	0.0	0.0	0.0	0.0	0.0	0.0	0.0	0.0	0.0	0.0	0.0	0.0	0.0	0.0	0.0	0.0	0.0	0.0	0.0	0.0	0.0	0.0	0.0	0.0	0.0
Sneathia (genus)	0.0	0.0	0.0	0.0	0.0	0.0	0.0	0.0	0.0	0.0	0.0	0.0	0.0	0.0	0.0	0.0	0.0	0.0	0.0	0.0	0.0	0.0	0.0	0.0	0.0	0.0	0.0	0.0	0.0	0.0	0.0	0.0	0.0	0.0	0.0	0.0	0.0	0.000835504005504497	0.0	0.0	0.0	0.0	0.0	0.0
Sneathia sanguinegens	0.0007392804337111878	0.0	0.0	0.0	0.0	0.0	0.0	0.0	0.0	0.0	0.0	0.009741997644791778	0.00016759402024535766	4.468874290566207e-05	0.0	0.0	0.0	0.0	0.0	0.007672940894377173	0.0	0.0	0.0	0.000397456279809221	0.0	0.0	0.0	0.0	0.0007726781023025807	0.0008512087163772557	0.0	0.01608385289599711	0.0	0.0	0.0	0.00039764944991826093	0.000185649308456326	0.04668992971936895	0.0	0.007505559673832468	0.007330085826954303	0.009223128769067045	0.0	0.00013189132155104195
Sneathia vaginalis	0.000821422704123542	0.0	0.0	0.0	9.299730307821073e-05	0.0	0.0	0.0	0.0	0.0	0.0	0.04742532919387646	0.0	0.0	0.0	0.0	0.0	0.0	0.0	0.025056947608200455	0.0	0.0	0.0	0.0	0.0	0.0	0.0	0.0010897203051216855	0.005563282336578581	0.0008512087163772557	0.0	0.0	0.0	0.0	0.0	0.0012813148941810632	0.0	0.002506512016513491	0.0	0.02742772424017791	0.03163999072141035	0.038547948445075086	0.0	0.0
Sodaliphilus pleomorphus	0.0	0.0	0.0	0.0	0.0	0.0	0.0	0.0	0.0	0.0	0.0	0.0	0.0	0.0	0.0	0.0	0.0	0.0	0.0	0.0	0.0	0.0	0.0	0.0	0.0	0.0	0.0	0.0	0.0	0.0	0.0	0.0	0.0	0.0	0.0016396130513198885	0.0	0.0	0.0	0.0	0.0	0.0003247506379030387	0.0	0.0	0.0
Staphylococcus aureus	0.0	0.0	0.0	0.0	0.0	0.0	0.0	0.0	0.0	0.0	0.0	0.0	0.0	0.0	0.0	0.0	0.0	0.0	0.0	0.0	0.0	0.0	0.0	0.0	0.0	0.0	0.0	0.0	0.0	0.0	0.0	0.0	0.0	0.0	0.015248401377274963	0.0	0.0	0.0	0.0	0.0	0.0	0.0	0.0	0.0
Staphylococcus haemolyticus	0.0	0.0	0.0	0.0	0.0	0.015195291599785981	0.0	0.0	0.0	0.0	0.0	0.0	0.0	0.0	0.0	0.0	0.0	0.0	0.0	0.0	0.0	0.0	0.0	0.0	0.0	0.0	0.0	0.0	0.0	0.0	0.0	0.0	0.0	0.0	0.0	0.0	0.0	0.0	0.0	0.0	0.0	0.0	0.0	0.0
Staphylococcus lugdunensis	0.0	0.0	0.0	0.0	0.0	0.0	0.0	0.0	0.0	0.0	0.0	0.0	0.0	0.0	0.0	0.0	0.0	0.0	0.0	0.0	0.0	0.0	0.0	0.0	0.0	0.0	0.0	0.0	0.0	0.0	0.0	0.0	0.0	0.0	0.002295458271847844	0.0	0.0	0.0	0.0	0.0	0.0	0.0	0.0	0.0
Streptococcus (genus)	0.0	0.0	0.0	0.0	0.0	0.0	0.0	0.0	0.0	0.0	0.0	0.0	0.0	0.0	0.0	0.0	0.0	0.0	0.0	0.0	0.0	0.0	0.0	0.0	0.0019027484143763213	0.0	0.0	0.0	0.0	0.0	0.0	0.0	0.0	0.0	0.0	0.0	0.0	0.0	0.0	0.0	0.0	0.0	0.0	0.0
Streptococcus agalactiae	0.0	0.0	0.0	0.0	0.0	0.0	0.0	0.0	0.0	0.0	0.0	0.0	0.0	0.0	0.0	0.0	0.0	0.0	0.0	0.0	0.0	0.0	0.0	0.0	0.0	0.0	0.0	0.0	0.0	0.0	0.0	0.0	0.0	0.0	0.004918839153959666	0.0	0.0	0.0	0.0	0.0	0.0	0.0	0.0	0.0
Streptococcus anginosus	0.0	0.0	0.0	0.0	0.0	0.0	0.0	0.0	0.0	0.0	0.0	0.0	0.0	0.0	0.0	0.0	0.0	0.0	0.0	0.0	0.0	0.0	0.0	0.0	0.0005285412262156448	0.0	0.0	0.0	0.0	0.0	0.0	0.0	0.0	0.0	0.0003279226102639777	0.0	0.0	0.0	0.0	0.0	0.0	0.0	0.0	0.0
Streptococcus pyogenes	0.0	0.0	0.00026099438862064463	0.0	0.0	0.0	0.0	0.0	0.0	0.0	0.0	0.0	0.0	0.0	0.0	0.0	0.0	4.79225571476494e-05	0.0	0.00023977940294928664	0.0	0.0	0.0	0.0	0.0	0.0	0.0	0.0	0.0	0.0	0.0	0.0	0.0	0.0	0.0	0.0	0.0	0.0	0.0	0.0	0.0	0.0	0.814665592264303	0.7521762068055922
Streptococcus salivarius	0.0	0.0	0.0	0.0	0.0	0.0	0.0	0.0	0.0	0.0	0.0	0.0	0.0	0.0	0.0	0.0	0.0	0.0	0.0	0.0	0.0	0.0	0.0	0.0	0.005285412262156448	0.0	0.0	0.0	0.0	0.0	0.0	0.0	0.0	0.0	0.0	0.0	0.0	0.0	0.0	0.0	0.0	0.0	0.0	0.0
Streptococcus vestibularis	0.0	0.0	0.0	0.0	0.0	0.0	0.0	0.0	0.0	0.0	0.0	0.0	0.0	0.0	0.0	0.0	0.0	0.0	0.0	0.0	0.0	0.0	0.0	0.0	0.0024312896405919663	0.0	0.0	0.0	0.0	0.0	0.0	0.0	0.0	0.0	0.0	0.0	0.0	0.0	0.0	0.0	0.0	0.0	0.0	0.0
Sutterella stercoricanis	0.0	0.0	0.0	0.0	0.0	0.0	0.0	0.0	0.0	0.0	0.0	0.0	0.0	0.0	0.0	0.0	0.0	0.0	0.0	0.0	0.0	0.0	0.0	0.0	0.0	0.0	0.0	0.0	0.0	0.0	0.0	0.0	0.0	0.0	0.000983767830791933	0.0	0.0	0.0	0.0	0.0	0.0	0.0	0.0	0.0
Telluria sp918697865	0.0	0.0	0.0	0.0	0.0	0.0	0.0	0.0	0.0	0.0	0.0	0.0	0.0	0.0	0.0	0.0	0.0	0.0	0.003276003276003276	0.0	0.0	0.0	0.0	0.0	0.0	0.0	0.0	0.0	0.0	0.0	0.0	0.0	0.0	0.0	0.0	0.0	0.0	0.0	0.0	0.0	0.0	0.0	0.0	0.0
UBA4285 sp902775895	0.0	0.0	0.0	0.0	0.0	0.0	0.0	0.0	0.0	0.0	0.0	0.0	0.0	0.0	0.0	0.0	0.0	0.0	0.0	0.0	0.0	0.0	0.0	0.0	0.0	0.0	0.0	0.0	0.0	0.0	0.0	0.0	0.0	0.0	0.0	0.0	0.0	0.000245736472207205	0.0	0.0	0.0	0.0	0.0	0.0
UBA629 sp005465875	0.0	0.0	0.0	0.0002058672156459084	0.8548777085464522	0.00021401819154628142	0.0	0.0	0.0	0.0005098789037603569	0.0004052192235999676	0.0004282196766941441	0.0063015351612254475	0.0	0.0	0.0	0.00012140342357654485	0.0	0.0	0.0	0.0	0.0	0.0	0.0	0.0	0.00042056566081379455	0.7585168969763305	0.0	0.5155308298562818	0.41436840313244805	0.0	0.0	0.0	0.00033921302578018993	0.002131496966715855	0.0	0.000185649308456326	0.0	0.0	0.0	0.0	0.0	0.0016116035455278	0.0
Ureaplasma parvum	0.0	0.0	0.05754926269085215	0.0	0.0	0.08443017656500802	0.0	0.0	0.0001665833749791771	0.0	0.0	0.00010705491917353603	0.0013407521619628613	0.0	0.00010060868252930228	0.0	0.0	4.79225571476494e-05	0.0	0.0	0.0014807502467917078	0.0010603431656063234	0.0010671219720414043	0.0	0.00021141649048625792	0.00021028283040689727	0.0	6.054001695120475e-05	0.0	0.0	0.0	0.0	0.0	0.00016960651289009497	0.0	0.0	0.002227791701475912	0.0	0.00036808009422850414	0.0	0.0	0.0	0.0	0.0
Ureaplasma urealyticum	0.0	0.0	0.0	0.0	0.0	0.0	0.0	0.0	0.0	0.0	0.0	0.0	0.0	0.0	0.0	0.0	0.0	0.0	0.0	0.0	0.0	0.0	0.0	0.0	0.0005285412262156448	0.0	0.0	0.0	0.0	0.0	0.0	0.0	0.0	0.0	0.0	0.0	0.0	0.0	0.0	0.00018532246108228317	0.0003711435861749014	0.0008277166844034528	0.0	0.0
Veillonella_A atypica	0.0	0.0	0.0	0.0	0.0	0.0	0.0	0.0	0.0	0.0	0.0	0.0	0.0	0.0	0.0	0.0	0.0	0.0	0.0	0.0	0.0	0.0	0.0	0.0	0.0009513742071881607	0.0	0.0	0.0	0.0	0.0	0.0	0.0	0.0	0.0	0.0	0.0	0.0	0.0	0.0	0.0	0.0	0.0	0.0	0.0
Veillonella_A montpellierensis	0.0	0.0	0.0	0.0	0.0	0.0	0.0	0.0	0.0	0.0	0.0	0.004175141847767905	0.0	0.0	0.0	0.0	0.0	0.0	0.0	0.0	0.0	0.0	0.0	0.0	0.0	0.003259383871306908	0.0	0.0	0.0	0.0	0.0	0.0	0.0	0.0	0.02885718970323004	0.0	0.0	0.0	0.0	0.0	0.0	0.0	0.0	0.0
Veillonellaceae (family)	0.0012321340561853129	0.0	0.0	0.0	0.0	0.0	0.0	0.0	0.0	0.0	0.0	0.0	0.0	0.0	0.0	0.0	0.0	0.0	0.0	0.0	0.0	0.0	0.0	0.0	0.0	0.0	0.0	0.0	0.0	0.0	0.0	0.0	0.0	0.0	0.0	0.0	0.0	0.0	0.0	0.0	0.0	0.0	0.0	0.0
ZJ293 sp011751725	0.0	0.0	0.0	0.0	0.00023249325769552682	0.0	0.0	0.0	0.0	0.0	0.0	0.0	0.0	0.0	0.0	0.0	0.0	0.0	0.0	0.0	0.0	0.0	0.0	0.0	0.0	0.0	0.0	0.0	0.0	0.0	0.0	0.0	0.0	0.0	0.0	0.0	0.0	0.0	0.0	0.0006486286137879911	0.0003711435861749014	0.00023649048125812936	0.0	0.0
